{"cameraMode":{"drawMode":0,"name":"Shaded","section":"Shading Mode"},"sceneLighting":true,"audioPlay":false,"sceneViewState":{"showFog":true,"showMaterialUpdate":false,"showSkybox":true,"showFlares":true,"showImageEffects":true,"showParticleSystems":true},"in2DMode":false,"pivot":{"x":-1.62128746509552,"y":0.0,"z":-0.8217792510986328},"rotation":{"x":0.004141751676797867,"y":0.9932680130004883,"z":-0.10951097309589386,"w":0.0375642292201519},"size":7.038147926330566,"orthographic":false}